{
  "short_name": "xmonies",
  "name": "Xmonies App",
  "icons": [
    {
      "src": "/icons/XR/favicon.ico",
      "sizes": "64x64 32x32 24x24 16x16",
      "type": "image/x-icon"
    },
    {
      "src": "/icons/XR/logo192.png",
      "type": "image/png",
      "sizes": "192x192"
    },
    {
      "src": "/icons/XR/logo512.png",
      "type": "image/png",
      "sizes": "512x512"
    }
  ],
  "start_url": ".",
  "display": "standalone",
  "theme_color": "#000000",
  "background_color": "#ffffff"
}
