[
    {
      "path": "/",
      "title": "Cross-border Money Transfers made Simple & Free | Xmonies",
      "desc": "Banks charge a lot for overseas transfers, but we don't. With xmonies, you can transfer money from the UK to India easily and quickly."
    },
    {
      "path": "/signup",
      "title": "Sign up for a Xmonies account | Cross-Border Money Transfer",
      "desc": "Join Xmonies today and get the latest exchange rates and easy money transfer services from UK to India."
    },
    {
      "path": "/signin",
      "title": "Login to your Xmonies account | Transfer money to India from UK",
      "desc": "Send money with Xmonies from anywhere, just login and start sending money."
    },
    {
      "path": "/regulations",
      "title": "Xmonies | Money Transfer Regulations",
      "desc": "Check out the Regulations for Xmonies and Abroad Money Transfers. Transact internationally safely and conveniently."
    },
    {
      "path": "/privacy-policy",
      "title": "Privacy Policy | Xmonies",
      "desc": "Our policy describes what we will do with your personal information and what you should expect from us."
    },
    {
      "path": "/terms-and-conditions",
      "title": "Terms and Conditions | Xmonies",
      "desc": "Xmonies accounts are subject to the terms and conditions described in this user agreement, which is valid until terminated."
    },
    {
      "path": "/cookie-policy",
      "title": "Cookie Policy | Xmonies",
      "desc": "Xmonies uses cookies to improve your experience. Here's why we use cookies and how to manage them."
    },
    {
      "path": "/faq",
      "title": "Frequently Asked Question | Happy to Help | Xmonies",
      "desc": "We've answered some of the most frequently asked questions about Xmonies from account usage, terms, to customer management."
    },
    {
      "path": "/about-us",
      "title": "About Xmonies | Send Money from UK to India Easily",
      "desc": "Learn about Xmonies' vision of making international money transfers cheap, fair, and simple for everyone."
    }
  ]