[
    {
      "path": "/",
      "title": "Cross-border Money Transfers made Simple & Free | Xmonies",
      "desc": "Banks charge a lot for overseas transfers, but we don't. With xmonies, you can transfer money from the UK to India easily and quickly."
    },
    {
      "path": "/signup",
      "title": "Sign up for a Xmonies account | Cross-Border Money Transfer",
      "desc": "Join Xmonies today and get the latest exchange rates and easy money transfer services from UK to India."
    },
    {
      "path": "/signin",
      "title": "Login into Xmonies | Online Money Transfer",
      "desc": "Send money with Xmonies from anywhere, just login and start sending money."
    },
    {
      "path": "/regulations",
      "title": "Xmonies | Money Transfer Regulations",
      "desc": "Check out the Regulations for Xmonies and Abroad Money Transfers. Transact internationally safely and conveniently."
    },
    {
      "path": "/privacy-policy",
      "title": "Privacy Policy | Xmonies",
      "desc": "Our policy describes what we will do with your personal information and what you should expect from us."
    },
    {
      "path": "/terms-and-conditions",
      "title": "Terms and Conditions | Xmonies",
      "desc": "Xmonies accounts are subject to the terms and conditions described in this user agreement, which is valid until terminated."
    },
    {
      "path": "/cookie-policy",
      "title": "Cookie Policy | Xmonies",
      "desc": "Xmonies uses cookies to improve your experience. Here's why we use cookies and how to manage them."
    },
    {
      "path": "/faq",
      "title": "Frequently Asked Question | Happy to Help | Xmonies",
      "desc": "We've answered some of the most frequently asked questions about Xmonies from account usage, terms, to customer management."
    },
    {
      "path": "/about-us",
      "title": "About Xmonies | Send Money from UK to India Easily",
      "desc": "Learn about Xmonies' vision of making international money transfers cheap, fair, and simple for everyone."
    },
    {
      "path": "/profile",
      "title": "Update Your Profile for Easy Access | Xmonies",
      "desc": "Update Your Profile for Easy Access | Xmonies"
    },
    {
      "path": "/new-transaction",
      "title": "Send Money Home | Easy and Safe Transfer | Xmonies",
      "desc": "Send Money Home | Easy and Safe Transfer | Xmonies"
    },
    {
      "path": "/my-recipient",
      "title": "Add Receiver Details to Complete your Transfer | Xmonies",
      "desc": "Add Receiver Details to Complete your Transfer | Xmonies"
    },
    {
      "path": "/refer-and-earn",
      "title": "Refer Xmonies and Earn Exciting Rewards",
      "desc": "Refer Xmonies and Earn Exciting Rewards"
    },
    {
      "path": "/contact",
      "title": "Contact @ Xmonies | We're Happy to hear from You",
      "desc": "Contact @ Xmonies | We're Happy to hear from You"
    },
    {
      "path": "/feedback",
      "title": "Your Feedback is Valuable to Us | Xmonies",
      "desc": "Your Feedback is Valuable to Us | Xmonies"
    },
    {
      "path": "/raise-issue",
      "title": "We're here to solve your Issues ASAP | Xmonies",
      "desc": "We're here to solve your Issues ASAP | Xmonies"
    }
  ]